<?xml version="1.0" encoding="UTF-8"?>
<project-private xmlns="http://www.netbeans.org/ns/project-private/1">
    <editor-bookmarks xmlns="http://www.netbeans.org/ns/editor-bookmarks/2" lastBookmarkId="0"/>
    <open-files xmlns="http://www.netbeans.org/ns/projectui-open-files/2">
        <group>
            <file>file:/D:/LAB/TPBank/src/model/User.java</file>
            <file>file:/D:/LAB/TPBank/src/resourses/messages_en.properties</file>
            <file>file:/D:/LAB/TPBank/src/repository/ILogin.java</file>
            <file>file:/D:/LAB/TPBank/src/view/Menu.java</file>
            <file>file:/D:/LAB/TPBank/src/controller/LoginController.java</file>
            <file>file:/D:/LAB/TPBank/src/Main.java</file>
            <file>file:/D:/LAB/TPBank/src/repository/Login.java</file>
            <file>file:/D:/LAB/TPBank/src/resourses/messages_vi.properties</file>
        </group>
    </open-files>
</project-private>
